gen,mean_fitness,max_fitness,std_fitness,mean_player_life,mean_enemy_life,mean_time
0,-0.20375677678042392,16.22733190942059,4.058853679943505,-9.632751151425545,83.28699241513121,159.90994813642828
1,1.9454941198154518,16.240265916480688,4.649029288711277,-10.378668501372122,81.95877714942266,189.05274634774727
2,2.2935801455722373,15.895313643850727,4.582654319658178,-10.670572898429288,81.04472677150692,189.6406925159422
