gen,mean_fitness,max_fitness,std_fitness,mean_player_life,mean_enemy_life,mean_time
0,-5.500542994838032,24.47216570488735,6.150098421913784,-7.659451628360755,92.02318290533498,159.13413690524115
1,-3.692224806274566,15.97704638054957,5.296939216252567,-6.569159918507591,91.07123126036335,150.98825678610945
2,-0.0215253593630813,15.97704638054957,6.418546037589273,-6.331042615754971,91.41807664860616,147.22795836889148
