gen,mean_fitness,max_fitness,std_fitness,mean_player_life,mean_enemy_life,mean_time
0,0.4814713841011287,26.233178570505316,4.611613647328638,-9.640973610705238,80.11077401054771,154.29753542207894
1,7.739472432390131,28.14770961971719,9.599603786101703,-8.312021073291678,82.62200787952516,188.53046270511226
2,6.9379148299931614,21.61106535458302,6.71053043450109,-7.959419189369574,81.95497601936302,175.53840059372797
