run,fitness,player_life,individual_gain
95.03715536974009,100,100
95.03715536974009,100,100
95.03715536974009,100,100
95.03715536974009,100,100
95.03715536974009,100,100
